atml_value,spch_value,mute_value,fama_value,gc_value,ths,gene_name,ths_id,traj_type
0.792039311680485,1,0.983870736415154,0.571522848873273,0.57130479375083,chr1:10046345-10047087,AT1G28580,THS_06719,spch_mute
0.645556274772263,0.414641373172616,0.34578019651105,0.942985059775856,1,chr1:10217161-10217311,AT1G29240,THS_06837,fama_gc
0.737485356102873,0.986267781286116,1,0.500829015007021,0.500686004202001,chr1:10247841-10248150,AT1G29300,THS_06876,spch_mute
0.911115746127804,1,0.9003593477133,0.605281984608164,0.602157306804016,chr1:10365025-10366231,AT1G29660,THS_06940,spch_mute
0.559900977862277,0.477350611994058,0.42460684146204,0.92871614435463,1,chr1:10545841-10545991,AT1G30060,THS_07043,fama_gc
0.640989338801601,1,0.903907901097304,0.503646194377098,0.503425544331641,chr1:10581180-10581715,AT1G30110,THS_07071,spch_mute
1,0.90494895696294,0.739212180375695,0.572809701864189,0.53046528882184,chr1:11352673-11353071,AT1G31710,THS_07553,spch_mute
1,0.90494895696294,0.739212180375695,0.572809701864189,0.53046528882184,chr1:11352673-11353071,AT1G31720,THS_07553,spch_mute
0.497701284667321,0.306281069642629,0.429344146845235,0.999542661566764,1,chr1:11520541-11520708,AT1G32030,THS_07639,fama_gc
0.626580381968086,0.887708951448875,1,0.547093852344634,0.546625913517315,chr1:11649896-11650602,AT1G32290,THS_07743,spch_mute
0.626580381968086,0.887708951448875,1,0.547093852344634,0.546625913517315,chr1:11649896-11650602,AT1G32300,THS_07743,spch_mute
0.715240469140594,0.363008548326826,0.441054044107728,0.999793096967934,1,chr1:12036295-12036460,AT1G33170,THS_07987,fama_gc
0.715240469140594,0.363008548326826,0.441054044107728,0.999793096967934,1,chr1:12036295-12036460,AT1G33220,THS_07987,fama_gc
0.828869910391167,0.49212989146635,0.362909363752611,0.999985098232087,1,chr1:12077549-12077741,AT1G33290,THS_08020,fama_gc
0.828869910391167,0.49212989146635,0.362909363752611,0.999985098232087,1,chr1:12077549-12077741,AT1G33320,THS_08020,fama_gc
0.609042271046273,0.312430465272216,0.431988056978874,0.866450339159503,1,chr1:12394516-12394666,AT1G34050,THS_08166,fama_gc
0.694762512964209,0.396355965047801,0.423913422139295,0.999475116424435,1,chr1:12996670-12996832,AT1G35365,THS_08389,fama_gc
0.679151956068249,0.868606304541098,1,0.404891344254096,0.40481975568685,chr1:13125212-13125705,AT1G35580,THS_08441,spch_mute
0.348913847061088,0.348995156011161,0.386836644472211,1,0.793996727732232,chr1:13308561-13308760,AT1G35820,THS_08494,fama_gc
0.678533744603413,0.35202943368432,0.380186766420928,0.883398036605214,1,chr1:13406736-13406886,AT1G36000,THS_08519,fama_gc
0.562401255087893,0.31391293002514,0.424655289732445,0.999499352586365,1,chr1:13513303-13513544,AT1G36150,THS_08545,fama_gc
0.625987883837035,0.332573779458453,0.422930492826559,0.990379748791489,1,chr1:16431941-16432111,AT1G43624,THS_08685,fama_gc
0.7628392198969,0.4255968007677,0.409353651152455,0.999212643686104,1,chr1:16735082-16735232,AT1G44050,THS_08796,fama_gc
0.660479848731781,0.844447310057883,1,0.765484808432302,0.358493143611755,chr1:1682041-1682291,AT1G05630,THS_01206,fama_gc
0.778971633430821,0.457828280289847,0.464849123372373,0.999540636447431,1,chr1:16933810-16934278,AT1G44830,THS_08897,fama_gc
0.617480156791383,1,0.940096017698323,0.477197565661698,0.477165559434129,chr1:17285661-17285931,AT1G47128,THS_09038,spch_mute
0.449944597101071,0.826086234474748,1,0.463581953903981,0.400581136789702,chr1:17286161-17286371,AT1G47128,THS_09039,spch_mute
0.879314407212525,0.427562536555462,0.454521540248693,0.917279654757503,1,chr1:17458561-17458758,AT1G47550,THS_09110,fama_gc
0.574299974963562,1,0.94717829494872,0.447701665735853,0.447430775349626,chr1:17910897-17911351,AT1G48450,THS_09318,spch_mute
0.574299974963562,1,0.94717829494872,0.447701665735853,0.447430775349626,chr1:17910897-17911351,AT1G48460,THS_09318,spch_mute
0.594949759349135,0.774532939913649,1,0.431816165865283,0.430018933802723,chr1:18282841-18283085,AT1G49400,THS_09508,spch_mute
0.629490002326143,0.848705910471661,1,0.420520377489391,0.4202532417356,chr1:18621761-18622064,AT1G50270,THS_09712,spch_mute
0.629490002326143,0.848705910471661,1,0.420520377489391,0.4202532417356,chr1:18621761-18622064,AT1G50260,THS_09712,spch_mute
0.602059224653938,1,0.977266720271215,0.473180414456683,0.47315965126154,chr1:18692101-18692678,AT1G50460,THS_09741,spch_mute
0.784444312594328,0.609258264816438,0.474562134965966,0.999038892627736,1,chr1:18884536-18884748,AT1G50950,THS_09839,fama_gc
0.784444312594328,0.609258264816438,0.474562134965966,0.999038892627736,1,chr1:18884536-18884748,AT1G50954,THS_09839,fama_gc
0.725534302244373,1,0.958178497900459,0.514654425074332,0.514613264001932,chr1:18933361-18933866,AT1G51090,THS_09857,spch_mute
0.725534302244373,1,0.958178497900459,0.514654425074332,0.514613264001932,chr1:18933361-18933866,AT1G51100,THS_09857,spch_mute
0.729110736630979,1,0.95605633687263,0.497687713371916,0.497587471086597,chr1:19162194-19162779,AT1G51680,THS_09986,spch_mute
0.610143983552136,0.523433322890524,0.548992633857823,0.956302339840276,1,chr1:1966481-1966949,AT1G06450,THS_01359,fama_gc
0.641552296395807,0.959329799156764,1,0.413989676377081,0.413845005064522,chr1:19813601-19813791,AT1G53163,THS_10371,spch_mute
0.641552296395807,0.959329799156764,1,0.413989676377081,0.413845005064522,chr1:19813601-19813791,AT1G53165,THS_10371,spch_mute
0.624029234776092,0.966933427220635,1,0.552279100612208,0.552084819811809,chr1:19901381-19901931,AT1G53340,THS_10437,spch_mute
0.624029234776092,0.966933427220635,1,0.552279100612208,0.552084819811809,chr1:19901381-19901931,AT1G53345,THS_10437,spch_mute
0.483781838815441,0.833738092123078,1,0.414557944278125,0.414086646013885,chr1:20210341-20210551,AT1G54130,THS_10669,spch_mute
0.726716906068776,0.5970393615597,0.431188380415257,0.999744501455489,1,chr1:20261574-20261791,AT1G54270,THS_10706,fama_gc
0.755462304426724,0.653893424804245,0.375420420219738,0.922650786029392,1,chr1:20401780-20401950,AT1G54620,THS_10770,fama_gc
0.755462304426724,0.653893424804245,0.375420420219738,0.922650786029392,1,chr1:20401780-20401950,AT1G54630,THS_10770,fama_gc
0.843578662227681,0.843844374380971,1,0.491369109669762,0.469791754530297,chr1:20424169-20424451,AT1G54730,THS_10787,spch_mute
0.752606464927548,0.471799941238557,0.579286900795395,0.998037433908045,1,chr1:20764551-20764814,AT1G55580,THS_10985,fama_gc
0.709605454903185,1,0.932972384619319,0.466926072229467,0.466683081750193,chr1:20807855-20808136,AT1G55680,THS_11015,spch_mute
0.709605454903185,1,0.932972384619319,0.466926072229467,0.466683081750193,chr1:20807855-20808136,AT1G55690,THS_11015,spch_mute
0.530894607987536,1,0.832526436566277,0.461189609999122,0.418718566695358,chr1:2104821-2105071,AT1G06850,THS_01422,spch_mute
0.574639566814154,1,0.985526253279738,0.436054300905546,0.43583097670779,chr1:21074818-21075291,AT1G56280,THS_11172,spch_mute
0.574639566814154,1,0.985526253279738,0.436054300905546,0.43583097670779,chr1:21074818-21075291,AT1G56290,THS_11172,spch_mute
0.719325494879099,0.474657690171743,0.395604040734806,0.999861188530028,1,chr1:21171321-21171471,AT1G56510,THS_11218,fama_gc
0.880594674688943,1,0.922639714725809,0.432698238760973,0.432682515043966,chr1:21206195-21206525,AT1G56600,THS_11244,spch_mute
1,0.999999625148756,0.999199961342499,0.436757969384717,0.754139194439943,chr1:21443384-21443739,AT1G57990,THS_11363,spch_mute
0.522398622881587,0.840293993342095,1,0.432091623200335,0.43202299949921,chr1:21462079-21462371,AT1G58025,THS_11369,spch_mute
0.533319742082546,0.796227647346319,1,0.410362237497956,0.410135162411391,chr1:21514299-21514564,AT1G58100,THS_11389,spch_mute
0.473302964192288,0.94284916713761,1,0.430650729780735,0.43054915633807,chr1:21514641-21514879,AT1G58100,THS_11390,spch_mute
0.732562934075428,0.860750998842732,1,0.492952834836499,0.492003739568443,chr1:21518776-21519571,AT1G58122,THS_11395,spch_mute
0.807962889298269,1,0.790027434632432,0.51263120525178,0.49911646445699,chr1:21705133-21705414,AT1G58410,THS_11501,spch_mute
0.77556136732624,0.383582959362934,0.400601569539519,0.99984934001472,1,chr1:22114193-22114376,AT1G60030,THS_11700,fama_gc
0.697469873737427,0.524943158489328,0.488124568869558,0.999012674600765,1,chr1:22174101-22174351,AT1G60130,THS_11728,fama_gc
0.563243322188868,0.440416519041583,0.426353073399174,0.999666975768395,1,chr1:2259481-2259631,AT1G07350,THS_01540,fama_gc
0.7490176127333,0.482916808637862,0.390727688575672,0.88581269585715,1,chr1:22863689-22863839,AT1G61860,THS_12144,fama_gc
0.527485344729653,1,0.87801666827671,0.497310032243187,0.471640349735889,chr1:22932077-22932531,AT1G62040,THS_12203,spch_mute
0.605450623292347,0.693102258303474,1,0.45240488763669,0.450445993743577,chr1:23144221-23144451,AT1G62520,THS_12342,spch_mute
0.882539859853091,0.457482509487383,0.455102096936275,0.999941568410079,1,chr1:23273600-23273837,AT1G62850,THS_12444,fama_gc
0.612913371123647,1,0.91780315866926,0.449425004720833,0.449262773127801,chr1:23801721-23801931,AT1G64110,THS_12810,spch_mute
0.612913371123647,1,0.91780315866926,0.449425004720833,0.449262773127801,chr1:23801721-23801931,AT1G64130,THS_12810,spch_mute
0.657161330168042,0.509358406092889,0.489864107641012,0.999855865232236,1,chr1:2404641-2405091,AT1G07750,THS_01653,fama_gc
0.453543036315067,1,0.840272809252477,0.546021044489733,0.54580075020904,chr1:24930281-24930551,AT1G66820,THS_13571,spch_mute
0.716511475514211,0.94315800615595,1,0.468302318833157,0.46787424385481,chr1:25047318-25047647,AT1G67080,THS_13652,spch_mute
0.915915697655715,0.533388924211462,0.544851607627366,0.999765387609475,1,chr1:2531321-2531658,AT1G08100,THS_01732,fama_gc
0.662650002152394,0.836312130920034,1,0.507181344366871,0.499949109583065,chr1:25466021-25466331,AT1G67900,THS_13899,spch_mute
0.759123644352555,1,0.876150525950761,0.509368900642713,0.509346791831014,chr1:26058121-26058401,AT1G69310,THS_14365,spch_mute
1,0.516728334024356,0.353598882667535,0.876177887254627,0.993541286331125,chr1:26149558-26149737,AT1G69540,THS_14440,fama_gc
1,0.516728334024356,0.353598882667535,0.876177887254627,0.993541286331125,chr1:26149558-26149737,AT1G69550,THS_14440,fama_gc
0.997636634487036,0.486745949933266,0.456195143543904,0.940707426395909,1,chr1:26149752-26150282,AT1G69540,THS_14441,fama_gc
0.997636634487036,0.486745949933266,0.456195143543904,0.940707426395909,1,chr1:26149752-26150282,AT1G69550,THS_14441,fama_gc
0.571500775544656,0.432758939443379,0.427171720978352,0.999768319672656,1,chr1:26715400-26715581,AT1G70840,THS_14956,fama_gc
0.571500775544656,0.432758939443379,0.427171720978352,0.999768319672656,1,chr1:26715400-26715581,AT1G70850,THS_14956,fama_gc
0.703434154050296,0.34360050866928,0.427906115557206,0.999859499633643,1,chr1:26859641-26859951,AT1G71240,THS_15087,fama_gc
0.703434154050296,0.34360050866928,0.427906115557206,0.999859499633643,1,chr1:26859641-26859951,AT1G71250,THS_15087,fama_gc
0.571175632294411,0.470754219180036,0.453878033961428,0.999594379365154,1,chr1:27028249-27028399,AT1G71860,THS_15182,fama_gc
0.571175632294411,0.470754219180036,0.453878033961428,0.999594379365154,1,chr1:27028249-27028399,AT1G71865,THS_15182,fama_gc
0.707220917752002,0.368578792285582,0.442306936924584,0.998223082697995,1,chr1:2761601-2761831,AT1G08670,THS_01862,fama_gc
0.707220917752002,0.368578792285582,0.442306936924584,0.998223082697995,1,chr1:2761601-2761831,AT1G08680,THS_01862,fama_gc
0.530073858387985,0.421599080191853,0.386832603710039,0.997753096389647,1,chr1:27653354-27653515,AT1G73570,THS_15662,fama_gc
0.530073858387985,0.421599080191853,0.386832603710039,0.997753096389647,1,chr1:27653354-27653515,AT1G73580,THS_15662,fama_gc
0.541142455508423,1,0.908866672846588,0.556813018878298,0.556054928293803,chr1:28147721-28147951,AT1G74940,THS_16030,spch_mute
0.471434452578107,0.683050482265567,1,0.502593761158001,0.4956648053975,chr1:28303921-28304284,AT1G75420,THS_16143,spch_mute
0.744277355624267,0.328310207983027,0.438559636938636,0.999837445093839,1,chr1:28694901-28695051,AT1G76490,THS_16501,fama_gc
0.783416576333419,0.397699354556047,0.359884958459654,0.999856412981896,1,chr1:29082153-29082355,AT1G77390,THS_16794,fama_gc
0.753127132060355,0.537161027345278,0.448863412317793,0.999912813112907,1,chr1:29302241-29302667,AT1G77930,THS_16980,fama_gc
0.753127132060355,0.537161027345278,0.448863412317793,0.999912813112907,1,chr1:29302241-29302667,AT1G77932,THS_16980,fama_gc
0.599693260343925,0.484011847125729,0.578119273504453,0.998329876022338,1,chr1:29552421-29552591,AT1G78570,THS_17230,fama_gc
0.599693260343925,0.484011847125729,0.578119273504453,0.998329876022338,1,chr1:29552421-29552591,AT1G78580,THS_17230,fama_gc
0.401430875919611,0.401430880365877,0.401485848598943,1,0.740766613243955,chr1:30080041-30080191,AT1G79960,THS_17549,fama_gc
0.530165237164734,0.446684239849218,0.478371238180974,0.998892871605385,1,chr1:30247981-30248191,AT1G80460,THS_17674,fama_gc
0.729886776877935,0.702972979361809,0.551234233835904,0.999779000169241,1,chr1:4125921-4126340,AT1G12160,THS_02747,fama_gc
0.729886776877935,0.702972979361809,0.551234233835904,0.999779000169241,1,chr1:4125921-4126340,AT1G12150,THS_02747,fama_gc
0.526294462305166,0.968535573269851,1,0.52538354627777,0.524182416760144,chr1:4282701-4282931,AT1G12580,THS_02862,spch_mute
0.620457749184834,1,0.921059903845241,0.548790776666265,0.548674215909005,chr1:4541700-4542350,AT1G13260,THS_03035,spch_mute
0.897940827086158,0.422639205898119,0.47240889011431,0.999789437681484,1,chr1:5820001-5820271,AT1G17020,THS_03888,fama_gc
0.677645639190729,1,0.895000509666384,0.445940263796186,0.445847672236918,chr1:6626554-6626840,AT1G19200,THS_04385,spch_mute
0.677645639190729,1,0.895000509666384,0.445940263796186,0.445847672236918,chr1:6626554-6626840,AT1G19210,THS_04385,spch_mute
0.634605092091365,1,0.869953628785696,0.491442332798099,0.491403769165975,chr1:6641442-6641651,AT1G19230,THS_04399,spch_mute
0.674213953777186,0.947736707379664,1,0.478688965908737,0.474537611919308,chr1:6641801-6642055,AT1G19230,THS_04400,spch_mute
0.699303861070014,1,0.870489934357168,0.467130879408992,0.467062802331473,chr1:7089900-7090249,AT1G20450,THS_04722,spch_mute
1,0.999977338377128,0.972708266523083,0.470596212347748,0.612009513379887,chr1:7141845-7142311,AT1G20620,THS_04759,spch_mute
1,0.999918756460322,0.866561289739826,0.481163529446593,0.696577569130286,chr1:7368981-7369331,AT1G21050,THS_04910,spch_mute
1,0.999918756460322,0.866561289739826,0.481163529446593,0.696577569130286,chr1:7368981-7369331,AT1G21060,THS_04910,spch_mute
0.601166226573316,0.833966779317404,1,0.598147818526599,0.489800923677787,chr1:7382289-7382651,AT1G21080,THS_04922,spch_mute
0.704613432983182,0.844040788392078,1,0.518612199515873,0.428059473486426,chr1:7496961-7497151,AT1G21410,THS_05012,spch_mute
0.551681730906907,0.371292258440208,0.342931531650588,0.999553757856931,1,chr1:7721773-7721960,AT1G21950,THS_05166,fama_gc
0.33056715797916,0.33056715797916,0.330567157982486,0.330568767702207,1,chr1:8026319-8026672,AT1G22680,THS_05423,
0.33056715797916,0.33056715797916,0.330567157982486,0.330568767702207,1,chr1:8026319-8026672,AT1G22690,THS_05423,
0.21297003699069,0.213929927448445,0.222722598332551,0.304345270111613,1,chr1:8026800-8027326,AT1G22680,THS_05424,
0.21297003699069,0.213929927448445,0.222722598332551,0.304345270111613,1,chr1:8026800-8027326,AT1G22690,THS_05424,
0.728343007053116,1,0.926316795806492,0.515880795103425,0.515789780965561,chr1:8420030-8420360,AT1G23820,THS_05697,spch_mute
0.694741775807508,0.939088497633701,1,0.508659349270889,0.508408307990904,chr1:8486101-8486600,AT1G23980,THS_05738,spch_mute
0.777940433275301,0.364457490196255,0.46595906373424,0.99957041070176,1,chr1:8627309-8627499,AT1G24310,THS_05829,fama_gc
0.777940433275301,0.364457490196255,0.46595906373424,0.99957041070176,1,chr1:8627309-8627499,AT1G24320,THS_05829,fama_gc
0.572493218351735,1,0.981730485710505,0.521041117677732,0.486231398299822,chr1:864161-864411,AT1G03457,THS_00647,spch_mute
0.831017222555495,0.456789521433102,0.46267947722502,0.999687891374296,1,chr1:8870123-8870324,AT1G25290,THS_05947,fama_gc
0.831017222555495,0.456789521433102,0.46267947722502,0.999687891374296,1,chr1:8870123-8870324,AT1G25300,THS_05947,fama_gc
0.644531712951548,0.479123027133979,0.410186171029225,0.99987061418549,1,chr1:9083950-9084111,AT1G26250,THS_06095,fama_gc
1,0.549165419264424,0.533504580450515,0.968309797099401,0.968421622581498,chr1:9312390-9312619,AT1G26870,THS_06226,fama_gc
0.692142294434696,0.944649658561481,1,0.463270087765698,0.463113424840403,chr1:9486481-9486931,AT1G27310,THS_06375,spch_mute
0.692142294434696,0.944649658561481,1,0.463270087765698,0.463113424840403,chr1:9486481-9486931,AT1G27320,THS_06375,spch_mute
0.703120341438046,0.427919134796738,0.415539371228692,0.999845913152787,1,chr1:9689657-9689980,AT1G27820,THS_06481,fama_gc
0.387040829245453,0.91861068924985,1,0.594873487950956,0.594809021626098,chr1:9708150-9708348,AT1G27870,THS_06487,spch_mute
0.387040829245453,0.91861068924985,1,0.594873487950956,0.594809021626098,chr1:9708150-9708348,AT1G27880,THS_06487,spch_mute
0.668517838512691,1,0.956984998525993,0.507692556218846,0.507614162034091,chr1:9885381-9885899,AT1G28280,THS_06611,spch_mute
0.668517838512691,1,0.956984998525993,0.507692556218846,0.507614162034091,chr1:9885381-9885899,AT1G28281,THS_06611,spch_mute
0.581013149544482,1,0.953214211166125,0.503027599298839,0.50299270272548,chr2:10075121-10075716,AT2G23690,THS_21344,spch_mute
0.581013149544482,1,0.953214211166125,0.503027599298839,0.50299270272548,chr2:10075121-10075716,AT2G23700,THS_21344,spch_mute
0.453098382879839,0.907730441497757,1,0.460038855282923,0.390227100180931,chr2:10440041-10440191,AT2G24570,THS_21587,spch_mute
0.667983948969771,0.408937179293481,0.428987147692234,0.997338244922302,1,chr2:10648834-10649204,AT2G25050,THS_21692,fama_gc
0.59681257154776,0.981332288636327,1,0.511159005592216,0.511062141431771,chr2:1082021-1083631,AT2G03565,THS_18480,spch_mute
0.697267811601136,1,0.951600099916384,0.478362181641519,0.477324350483709,chr2:10832061-10832631,AT2G25450,THS_21812,spch_mute
0.591858527512297,0.97738716584188,1,0.547859372498855,0.547814990697064,chr2:11081072-11081366,AT2G25990,THS_21942,spch_mute
0.591858527512297,0.97738716584188,1,0.547859372498855,0.547814990697064,chr2:11081072-11081366,AT2G26000,THS_21942,spch_mute
0.563847833100222,1,0.849511906698892,0.440282459582792,0.439918054625814,chr2:1120456-1120831,AT2G03670,THS_18495,spch_mute
0.563847833100222,1,0.849511906698892,0.440282459582792,0.439918054625814,chr2:1120456-1120831,AT2G03680,THS_18495,spch_mute
0.455411917918845,0.894730640112427,1,0.413503156141601,0.413337462626659,chr2:11214741-11214998,AT2G26330,THS_22033,spch_mute
0.455411917918845,0.894730640112427,1,0.413503156141601,0.413337462626659,chr2:11214741-11214998,AT2G26340,THS_22033,spch_mute
0.784887257960197,1,0.944224589748224,0.493642293040938,0.493510791404496,chr2:11336587-11337055,AT2G26650,THS_22117,spch_mute
0.904865779501002,1,0.991979829082427,0.531259546160194,0.531095826105348,chr2:11379978-11380550,AT2G26710,THS_22153,spch_mute
0.731810587024534,0.836091906274263,1,0.473177322410514,0.473061549792433,chr2:11481161-11481592,AT2G26910,THS_22203,spch_mute
0.449228850751407,0.912914032878672,1,0.565413419336826,0.396239113766153,chr2:1184901-1185191,AT2G03890,THS_18545,spch_mute
0.806460472543365,1,0.972491671022845,0.504468444192214,0.504427151764932,chr2:1185301-1185568,AT2G03890,THS_18546,spch_mute
0.803829171234352,0.893445136549346,1,0.495919053506325,0.49575272516135,chr2:11861469-11862005,AT2G27840,THS_22436,spch_mute
0.884580382117099,1,0.937810020034823,0.533377515168506,0.516326115285671,chr2:12234018-12234461,AT2G28560,THS_22719,spch_mute
0.79109577231605,0.420637100002238,0.467087651590898,0.961771287782261,1,chr2:12552050-12552233,AT2G29200,THS_22987,fama_gc
0.657298743114252,0.62472207460712,0.376992335791757,0.999817571480303,1,chr2:12635581-12635731,AT2G29510,THS_23056,fama_gc
0.593531982503448,1,0.974916895871283,0.450674323951428,0.450493643332191,chr2:12805581-12805811,AT2G30010,THS_23155,spch_mute
0.680482249307707,1,0.826365816143225,0.420308042658144,0.420300159199183,chr2:12813424-12813898,AT2G30020,THS_23161,spch_mute
0.751567171990086,0.606040153704156,0.430205957622764,0.999769034292211,1,chr2:12900107-12900320,AT2G30240,THS_23247,fama_gc
0.335984124918663,1,0.916376998525474,0.410167778448848,0.410094301984152,chr2:13095001-13095421,AT2G30730,THS_23375,spch_mute
0.335984124918663,1,0.916376998525474,0.410167778448848,0.410094301984152,chr2:13095001-13095421,AT2G30740,THS_23375,spch_mute
0.746349218619216,0.937647131363764,1,0.466303713215872,0.466119977393284,chr2:13141081-13141485,AT2G30870,THS_23410,spch_mute
0.496172812617419,1,0.964993228364534,0.49569406543068,0.494021695592034,chr2:13255710-13255938,AT2G31090,THS_23477,spch_mute
0.640248956018415,1,0.788315980721957,0.456273248888429,0.456168135700955,chr2:13757401-13757631,AT2G32410,THS_23788,spch_mute
0.631729576939289,0.538433870349563,0.528901996974745,0.999760261161301,1,chr2:13794671-13795078,AT2G32500,THS_23812,fama_gc
0.66218373463516,1,0.79275629622861,0.474831509459024,0.474787534205682,chr2:14388618-14388891,AT2G34070,THS_24148,spch_mute
0.510808390759968,1,0.920895608459603,0.581830284821207,0.519966800017928,chr2:14534173-14534431,AT2G34480,THS_24240,spch_mute
0.610943189259441,1,0.847023567402791,0.408642155377309,0.392664182544595,chr2:1468027-1468491,AT2G04240,THS_18638,spch_mute
0.828857960819681,0.448942815008678,0.51827268416514,0.999610316058341,1,chr2:14781599-14781836,AT2G35070,THS_24415,fama_gc
0.638698753815325,0.504227548518986,0.47732077193598,0.999252352470327,1,chr2:15083461-15083611,AT2G35930,THS_24613,fama_gc
0.627553880234316,0.438236699619871,0.455993448954528,0.999949930477299,1,chr2:15329698-15330031,AT2G36550,THS_24836,fama_gc
0.627553880234316,0.438236699619871,0.455993448954528,0.999949930477299,1,chr2:15329698-15330031,AT2G36560,THS_24836,fama_gc
0.619373599849712,0.935216680698285,1,0.542484191697701,0.541048677680517,chr2:15792261-15792710,AT2G37650,THS_25215,spch_mute
0.526248444407689,1,0.867720281700575,0.539618187353247,0.5395722148973,chr2:15921318-15921799,AT2G38050,THS_25296,spch_mute
0.568368334130176,0.752414464322212,1,0.382569014356868,0.382514258861802,chr2:1646621-1646871,AT2G04700,THS_18716,spch_mute
0.574495318597207,1,0.896786001782913,0.561200912617964,0.559514356667034,chr2:16641721-16642649,AT2G39865,THS_25804,spch_mute
0.579105536678335,0.979861728433364,1,0.505748459545263,0.505484868953826,chr2:16680412-16680846,AT2G39950,THS_25839,spch_mute
0.697058746798956,1,0.935449184824095,0.483104572802058,0.4202128178453,chr2:16771841-16772051,AT2G40140,THS_25926,spch_mute
1,0.360605366090884,0.572178469521727,0.865613117181288,0.867704730506216,chr2:16985745-16985951,AT2G40720,THS_26088,fama_gc
0.635035883874411,1,0.93211683319735,0.554835836834963,0.554647691301438,chr2:17396251-17396885,AT2G41700,THS_26378,spch_mute
0.512866994491099,1,0.860616030475829,0.573231401225784,0.573097494408428,chr2:17538618-17538951,AT2G42010,THS_26468,spch_mute
0.512866994491099,1,0.860616030475829,0.573231401225784,0.573097494408428,chr2:17538618-17538951,AT2G42030,THS_26468,spch_mute
0.78423933153055,0.543485689083731,0.361791503901647,0.986804321512861,1,chr2:17763026-17763253,AT2G42640,THS_26628,fama_gc
0.630415220353526,0.967394055753946,1,0.451203528965979,0.451136860482062,chr2:17999924-18000286,AT2G43320,THS_26828,spch_mute
0.630415220353526,0.967394055753946,1,0.451203528965979,0.451136860482062,chr2:17999924-18000286,AT2G43330,THS_26828,spch_mute
0.737496699795304,0.520034345694839,0.424359008930036,0.998331223299306,1,chr2:18133410-18133576,AT2G43750,THS_26917,fama_gc
0.737496699795304,0.520034345694839,0.424359008930036,0.998331223299306,1,chr2:18133410-18133576,AT2G43760,THS_26917,fama_gc
0.522151877420432,1,0.945842818174675,0.500372531634254,0.449805425306641,chr2:18580781-18581011,AT2G45050,THS_27266,spch_mute
0.481620324214376,1,0.899535347373261,0.511639701148124,0.509365207305378,chr2:18819361-18819754,AT2G45670,THS_27464,spch_mute
0.481620324214376,1,0.899535347373261,0.511639701148124,0.509365207305378,chr2:18819361-18819754,AT2G45680,THS_27464,spch_mute
0.594710036051209,1,0.886724684455786,0.468098173949474,0.467504199453734,chr2:18865078-18865501,AT2G45820,THS_27497,spch_mute
0.594710036051209,1,0.886724684455786,0.468098173949474,0.467504199453734,chr2:18865078-18865501,AT2G45830,THS_27497,spch_mute
0.608942140073091,1,0.959866047779542,0.560194478173765,0.523918571464452,chr2:18949991-18950315,AT2G46080,THS_27550,spch_mute
0.608942140073091,1,0.959866047779542,0.560194478173765,0.523918571464452,chr2:18949991-18950315,AT2G46090,THS_27550,spch_mute
0.754428404545088,0.515871149208428,0.457249080840434,0.999179351892957,1,chr2:19238625-19238946,AT2G46800,THS_27810,fama_gc
0.754428404545088,0.515871149208428,0.457249080840434,0.999179351892957,1,chr2:19238625-19238946,AT2G46810,THS_27810,fama_gc
0.639719756050934,0.468629931819142,0.400009830414933,0.999909531447521,1,chr2:19270707-19271030,AT2G46900,THS_27832,fama_gc
0.639719756050934,0.468629931819142,0.400009830414933,0.999909531447521,1,chr2:19270707-19271030,AT2G46910,THS_27832,fama_gc
0.596692916112421,0.23310505192427,0.388316006368189,0.967252026874684,1,chr2:19405721-19405871,AT2G47260,THS_27933,fama_gc
0.41110032639651,0.411395705388743,0.441269522887319,0.913101297283128,1,chr2:19637041-19637191,AT2G47990,THS_28110,fama_gc
1,0.999788606389648,0.963509609937843,0.408504280178821,0.551731971120235,chr2:1966350-1966920,AT2G05380,THS_18810,spch_mute
0.581931342851906,0.92013657186332,1,0.448941916947788,0.448906158955926,chr2:2081681-2082177,AT2G05620,THS_18850,spch_mute
0.640826288281516,0.412364272953314,0.339643767678082,0.999821611751764,1,chr2:2220461-2220625,AT2G05810,THS_18885,fama_gc
0.552359604077477,1,0.801112710185837,0.46979143563699,0.34398018332249,chr2:2287181-2287404,AT2G05940,THS_18910,spch_mute
0.720205155038722,0.363443145461061,0.326582775646953,0.983104735928113,1,chr2:2438169-2438325,AT2G06210,THS_18955,fama_gc
0.676367048158757,0.55371077795285,0.464775630683945,0.999852393314387,1,chr2:452781-453077,AT2G01970,THS_18121,fama_gc
0.82451296200667,1,0.908218774697423,0.649431838367285,0.436196872576384,chr2:504706-504985,AT2G02070,THS_18158,spch_mute
0.863562433315283,0.966632290960805,1,0.522823865009309,0.52255949105523,chr2:527909-528435,AT2G02100,THS_18178,spch_mute
0.693750268716489,0.863065332864225,1,0.415079234933362,0.414970579008265,chr2:587903-588163,AT2G02220,THS_18205,spch_mute
0.977540407048545,0.530216900606222,0.349759510906857,0.999636337180933,1,chr2:6053263-6053437,AT2G14285,THS_19087,fama_gc
0.75971054591846,0.466638954560338,0.539721674377876,0.999711983043263,1,chr2:6386701-6387087,AT2G14850,THS_19170,fama_gc
1,0.999994000970959,0.979943704185149,0.443228573204879,0.576402825831583,chr2:6398702-6398997,AT2G14890,THS_19177,spch_mute
0.670739346844645,0.426372839593262,0.426995897154008,0.90079931981209,1,chr2:6452642-6452792,AT2G14960,THS_19193,fama_gc
0.400823055305869,0.857139846082945,1,0.390662112297274,0.326425181470994,chr2:652361-652651,AT2G02470,THS_18242,spch_mute
0.727088988071865,0.90106743649397,1,0.455632464010213,0.455583936637822,chr2:6985364-6985611,AT2G16070,THS_19386,spch_mute
0.895780301210754,0.918539688788684,1,0.546918225174675,0.546769726820527,chr2:700890-701459,AT2G02570,THS_18262,spch_mute
0.895780301210754,0.918539688788684,1,0.546918225174675,0.546769726820527,chr2:700890-701459,AT2G02580,THS_18262,spch_mute
0.79893325680308,1,0.987295639811964,0.536554651330387,0.53652088795571,chr2:7103811-7104771,AT2G16400,THS_19439,spch_mute
0.6312539691372,0.376104376912257,0.361585077361888,0.804678171253997,1,chr2:7488741-7488891,AT2G17210,THS_19640,fama_gc
0.6312539691372,0.376104376912257,0.361585077361888,0.804678171253997,1,chr2:7488741-7488891,AT2G17220,THS_19640,fama_gc
1,0.999999991560235,0.999874451366164,0.37145664844262,0.614479650301059,chr2:7490049-7490297,AT2G17220,THS_19642,spch_mute
0.602058121641353,0.866059493453658,1,0.398971229518025,0.39855463459109,chr2:7934330-7934684,AT2G18230,THS_19906,spch_mute
0.602058121641353,0.866059493453658,1,0.398971229518025,0.39855463459109,chr2:7934330-7934684,AT2G18240,THS_19906,spch_mute
0.569539728497575,1,0.856329409435572,0.461997249889275,0.461929743848546,chr2:8016641-8016791,AT2G18490,THS_19967,spch_mute
0.715369484527907,0.488412157755417,0.441930324024501,0.998082798576357,1,chr2:8314764-8314922,AT2G19170,THS_20169,fama_gc
0.699197723474046,0.932835274311812,1,0.426607839361911,0.426424012503966,chr2:8710191-8710960,AT2G20180,THS_20403,spch_mute
0.699197723474046,0.932835274311812,1,0.426607839361911,0.426424012503966,chr2:8710191-8710960,AT2G20190,THS_20403,spch_mute
0.74215871672727,0.552630952589225,0.418355567194279,0.954962348918076,1,chr2:8968900-8969211,AT2G20830,THS_20538,fama_gc
0.750906578352748,1,0.906539955265297,0.446795313126311,0.446610640163338,chr2:9120762-9121026,AT2G21300,THS_20633,spch_mute
0.626180679809659,0.296824679861506,0.383409142393336,0.951850661539791,1,chr2:9192831-9192981,AT2G21465,THS_20662,fama_gc
1,0.999999126125517,0.998684946020088,0.403013757256702,0.593744842723913,chr2:9214943-9215320,AT2G21520,THS_20677,spch_mute
0.512373265842406,1,0.937346617938529,0.401087867535381,0.400736468148341,chr2:9215410-9215751,AT2G21520,THS_20678,spch_mute
0.74381283123881,0.984316628003013,1,0.498050705898303,0.497867083397139,chr2:9465553-9466539,AT2G22290,THS_20823,spch_mute
0.646598683225212,1,0.986613024943853,0.520958867418098,0.520852849232666,chr2:9527655-9528217,AT2G22430,THS_20870,spch_mute
0.646598683225212,1,0.986613024943853,0.520958867418098,0.520852849232666,chr2:9527655-9528217,AT2G22440,THS_20870,spch_mute
0.551885360815052,1,0.95657833680581,0.464607263854169,0.463867860934698,chr2:9528361-9528631,AT2G22430,THS_20871,spch_mute
0.551885360815052,1,0.95657833680581,0.464607263854169,0.463867860934698,chr2:9528361-9528631,AT2G22440,THS_20871,spch_mute
0.857811383296319,1,0.999101013311565,0.411912825270582,0.411901414612014,chr2:9699868-9700106,AT2G22795,THS_21012,spch_mute
0.684538562448029,0.971388735435263,1,0.523969290260337,0.523890193882866,chr2:9977501-9978728,AT2G23430,THS_21272,spch_mute
0.684538562448029,0.971388735435263,1,0.523969290260337,0.523890193882866,chr2:9977501-9978728,AT2G23440,THS_21272,spch_mute
0.672236440923189,0.93829565333524,1,0.443395209781823,0.443336859412168,chr2:9991693-9992031,AT2G23450,THS_21283,spch_mute
0.62203074327219,0.443727130937934,0.49183111096146,0.99978028548977,1,chr3:10031018-10031231,AT3G27180,THS_34715,fama_gc
0.706769915351443,1,0.728562342412293,0.478616215296043,0.478556265709753,chr3:10458581-10458992,AT3G28100,THS_34984,spch_mute
0.539572686343084,0.430835822216689,0.379348179434164,0.999849902200317,1,chr3:10579547-10579697,AT3G28310,THS_35049,fama_gc
0.539572686343084,0.430835822216689,0.379348179434164,0.999849902200317,1,chr3:10579547-10579697,AT3G28320,THS_35049,fama_gc
0.574882901334426,0.447901754865803,0.312353975301402,0.999591816892519,1,chr3:10931731-10931881,AT3G28918,THS_35215,fama_gc
0.361281315572969,0.914698328575329,1,0.3928291220782,0.392796286165157,chr3:10938169-10938440,AT3G28920,THS_35219,spch_mute
0.676926171503453,0.415555813378469,0.408689045228227,0.999869360600447,1,chr3:11020496-11020753,AT3G29033,THS_35264,fama_gc
0.625162808363772,0.447996721572415,0.398802471312203,0.999898251556513,1,chr3:11085002-11085152,AT3G29110,THS_35300,fama_gc
0.68867287291608,0.431272666560367,0.376854796664749,0.738575094380598,1,chr3:1112281-1112451,AT3G04220,THS_28916,fama_gc
0.737276575051271,1,0.994192915045,0.556653856469056,0.556633188341653,chr3:1288077-1288551,AT3G04721,THS_29019,spch_mute
0.737276575051271,1,0.994192915045,0.556653856469056,0.556633188341653,chr3:1288077-1288551,AT3G04730,THS_29019,spch_mute
0.482405108423508,1,0.906474436175577,0.537920381542996,0.537619053484667,chr3:1430181-1430478,AT3G05120,THS_29110,spch_mute
0.66279475228739,0.430244102887965,0.343852639862502,0.999913868333972,1,chr3:14391916-14392160,AT3G42180,THS_35412,fama_gc
0.568344037250723,0.360468399110653,0.378409390845693,0.999803714685635,1,chr3:14434256-14434432,AT3G42310,THS_35415,fama_gc
0.526470928247406,0.429761996933619,0.411406774120302,0.999860737722095,1,chr3:14475602-14475782,AT3G42310,THS_35421,fama_gc
0.577182907711493,0.477022003076473,0.335469673562271,0.996739190376314,1,chr3:14509130-14509301,AT3G42385,THS_35423,fama_gc
0.540781785213912,0.521729519610923,0.277062094448561,0.999920032480962,1,chr3:14579278-14579428,AT3G42473,THS_35427,fama_gc
0.486162249899306,0.338150100776884,0.386043759382082,0.999454501784378,1,chr3:14733671-14733848,AT3G42640,THS_35439,fama_gc
0.468401543468546,0.334801832591263,0.331106375215021,0.999706376988069,1,chr3:14830359-14830566,AT3G42723,THS_35451,fama_gc
0.573704706661011,0.409634116156842,0.392347571178555,0.999337908438557,1,chr3:15135357-15135524,AT3G43148,THS_35484,fama_gc
0.573827108508572,0.360362450158166,0.370158347687245,0.99951055045724,1,chr3:15168035-15168271,AT3G43160,THS_35489,fama_gc
0.81885739498819,0.439532083121792,0.403519309628194,0.999899305757003,1,chr3:15635204-15635430,AT3G43740,THS_35592,fama_gc
0.775418266613506,0.399111989564532,0.447252499001514,0.999436743120935,1,chr3:15652115-15652393,AT3G43790,THS_35595,fama_gc
0.517658429841572,0.406493417783051,0.389407301290031,0.968524620872187,1,chr3:15853262-15853427,AT3G44091,THS_35657,fama_gc
0.752313884218378,0.899668173813815,1,0.473693392492555,0.473571142964774,chr3:15905220-15905770,AT3G44200,THS_35680,spch_mute
0.84008997224308,0.368456172632719,0.424308059562108,0.999445972188329,1,chr3:15960304-15960472,AT3G44261,THS_35700,fama_gc
0.490131915175231,0.410993118241702,0.376598233119874,0.999327495291473,1,chr3:16245631-16245832,AT3G44704,THS_35848,fama_gc
0.606387686801046,0.539415729567588,0.41666085223118,0.999771667848972,1,chr3:16403651-16403822,AT3G44930,THS_35908,fama_gc
1,0.999997751740727,0.997317060579899,0.320993820475204,0.694379755532495,chr3:16584141-16584441,AT3G45252,THS_36023,spch_mute
0.684269421922465,1,0.985258732024401,0.469889234160359,0.469374577662038,chr3:17135501-17135751,AT3G46540,THS_36311,spch_mute
0.716742304880725,0.331508902177854,0.444934727649706,0.999879968044029,1,chr3:17218301-17218451,AT3G46740,THS_36368,fama_gc
0.716742304880725,0.331508902177854,0.444934727649706,0.999879968044029,1,chr3:17218301-17218451,AT3G46750,THS_36368,fama_gc
0.650008221587863,1,0.99942087000843,0.47136334403987,0.471319698984959,chr3:17340365-17340854,AT3G47080,THS_36435,spch_mute
0.721878199541056,0.45894660728818,0.308798763876927,0.999634413538601,1,chr3:17435996-17436159,AT3G47340,THS_36471,fama_gc
0.721878199541056,0.45894660728818,0.308798763876927,0.999634413538601,1,chr3:17435996-17436159,AT3G47341,THS_36471,fama_gc
0.635910368637241,0.972526049664089,1,0.551756753460885,0.551507047509273,chr3:17566993-17567607,AT3G47640,THS_36599,spch_mute
0.107795230780797,0.10780246853355,1,0.173294638246391,0.147802839252306,chr3:1844604-1846496,AT3G06110,THS_29396,
0.107795230780797,0.10780246853355,1,0.173294638246391,0.147802839252306,chr3:1844604-1846496,AT3G06120,THS_29396,
0.771919089108951,0.729608769279951,0.512000563699025,0.999344376442164,1,chr3:18741680-18741959,AT3G50500,THS_37316,fama_gc
0.575796491385989,0.861220335920913,1,0.427274223639556,0.427061177195117,chr3:18789095-18789392,AT3G50620,THS_37352,spch_mute
0.614039962429522,1,0.984529070194233,0.508128359994487,0.507975073627393,chr3:19568841-19569511,AT3G52800,THS_37941,spch_mute
0.649697713069183,0.949083349447047,1,0.490279573865503,0.489926662007819,chr3:20131799-20132291,AT3G54360,THS_38311,spch_mute
0.649697713069183,0.949083349447047,1,0.490279573865503,0.489926662007819,chr3:20131799-20132291,AT3G54363,THS_38311,spch_mute
0.837082607832281,0.590658114963194,0.434655083937192,0.997682374785747,1,chr3:20168581-20168731,AT3G54460,THS_38338,fama_gc
0.837082607832281,0.590658114963194,0.434655083937192,0.997682374785747,1,chr3:20168581-20168731,AT3G54470,THS_38338,fama_gc
0.64854764558292,0.858701276403216,1,0.49489606134171,0.494806773337908,chr3:20295601-20295831,AT3G54810,THS_38404,spch_mute
0.846076084430073,0.421104677093365,0.42519370091437,0.999889463738991,1,chr3:20539568-20539718,AT3G55400,THS_38543,fama_gc
0.635719651923455,1,0.948428430995712,0.554019916653879,0.469855054563201,chr3:20540841-20541448,AT3G55410,THS_38544,spch_mute
0.625652091628343,0.992440103872701,1,0.523735434232753,0.514261776403498,chr3:20684426-20684831,AT3G55730,THS_38631,spch_mute
0.5783370158461,0.99690030565163,1,0.489467688891752,0.489405535953073,chr3:20763050-20763351,AT3G55960,THS_38699,spch_mute
0.658598769488964,0.480171859108609,0.361505776738499,0.993294105542398,1,chr3:21704276-21704426,AT3G58670,THS_39292,fama_gc
0.606126895313415,0.963127577962241,1,0.449247187268779,0.449114289821748,chr3:21972403-21972678,AT3G59450,THS_39439,spch_mute
0.630164746228333,1,0.899011644731084,0.483982043490504,0.483794327507562,chr3:22247808-22248307,AT3G60190,THS_39596,spch_mute
0.594660405222021,0.433266005916781,0.303702121855556,0.999955637580483,1,chr3:22659294-22659444,AT3G61200,THS_39895,fama_gc
0.594660405222021,0.433266005916781,0.303702121855556,0.999955637580483,1,chr3:22659294-22659444,AT3G61210,THS_39895,fama_gc
0.317729173610778,0.999297969325073,1,0.999752287485575,0.655505222642065,chr3:23325087-23325462,AT3G63130,THS_40397,fama_gc
0.74047323010256,0.509035508583223,0.454050283542539,0.969812079704142,1,chr3:23375881-23376031,AT3G63260,THS_40445,fama_gc
0.74047323010256,0.509035508583223,0.454050283542539,0.969812079704142,1,chr3:23375881-23376031,AT3G63270,THS_40445,fama_gc
0.552616087116715,0.482920381130553,0.453970011579092,0.954754105025213,1,chr3:3358561-3358711,AT3G10720,THS_30273,fama_gc
0.552616087116715,0.482920381130553,0.453970011579092,0.954754105025213,1,chr3:3358561-3358711,AT3G10730,THS_30273,fama_gc
0.387340031682286,0.387371651334188,0.476114617332872,0.866577972705523,1,chr3:3723681-3723831,AT3G11773,THS_30539,fama_gc
0.551296129915119,0.96870950995114,1,0.527442667767984,0.526683740594517,chr3:4123521-4123771,AT3G12920,THS_30772,spch_mute
0.641824953039974,1,0.915063570548076,0.551071943138261,0.551012055692676,chr3:4537961-4538595,AT3G13800,THS_31050,spch_mute
0.448626087846452,1,0.823224003885091,0.439249560009744,0.439159458976231,chr3:4815481-4815691,AT3G14400,THS_31259,spch_mute
0.736187473877181,0.604094134290861,0.537088520951065,0.925497754972351,1,chr3:483661-484051,AT3G02360,THS_28496,fama_gc
0.736187473877181,0.604094134290861,0.537088520951065,0.925497754972351,1,chr3:483661-484051,AT3G02370,THS_28496,fama_gc
0.72240955739763,1,0.95324079716513,0.535989479272713,0.535313098089252,chr3:5175485-5176076,AT3G15356,THS_31512,spch_mute
0.72240955739763,1,0.95324079716513,0.535989479272713,0.535313098089252,chr3:5175485-5176076,AT3G15351,THS_31512,spch_mute
0.858117724960403,1,0.959429623496614,0.548890571514577,0.548746876988569,chr3:5561166-5561551,AT3G16380,THS_31800,spch_mute
0.671190161458914,0.446434308589294,0.473097577560143,0.999684833937722,1,chr3:5804881-5805031,AT3G17020,THS_31976,fama_gc
0.671190161458914,0.446434308589294,0.473097577560143,0.999684833937722,1,chr3:5804881-5805031,AT3G17030,THS_31976,fama_gc
0.67405468993661,0.797944073677854,1,0.460494430226967,0.46029301446823,chr3:6101550-6101864,AT3G17830,THS_32152,spch_mute
0.70842356034796,0.423124231281904,0.476389875171331,0.996844806679984,1,chr3:6135756-6136018,AT3G17910,THS_32174,fama_gc
0.70842356034796,0.423124231281904,0.476389875171331,0.996844806679984,1,chr3:6135756-6136018,AT3G17920,THS_32174,fama_gc
0.695108521809122,1,0.953067902517206,0.452303172818352,0.3623526936366,chr3:639581-639791,AT3G02885,THS_28606,spch_mute
0.768973518751204,0.588878543898384,0.450018943289348,0.999947819302051,1,chr3:6410077-6410406,AT3G18620,THS_32336,fama_gc
0.607301739890039,0.550435215041906,0.443976899662816,0.999536530194661,1,chr3:6475641-6475791,AT3G18779,THS_32378,fama_gc
0.607301739890039,0.550435215041906,0.443976899662816,0.999536530194661,1,chr3:6475641-6475791,AT3G18780,THS_32378,fama_gc
0.773714404497473,1,0.989730885284894,0.538502785947106,0.52669181950737,chr3:6564411-6564778,AT3G19030,THS_32456,spch_mute
0.530309146660018,1,0.942268499148551,0.434533421986779,0.434522606575497,chr3:6639181-6639351,AT3G19184,THS_32489,spch_mute
0.530309146660018,1,0.942268499148551,0.434533421986779,0.434522606575497,chr3:6639181-6639351,AT3G19190,THS_32489,spch_mute
0.6967124380704,1,0.965414982679434,0.461660524654109,0.4608878966722,chr3:6837481-6837731,AT3G19670,THS_32622,spch_mute
0.827410319297737,0.529483532929989,0.497614657524033,0.999616913735135,1,chr3:7380481-7380631,AT3G21055,THS_32933,fama_gc
0.827410319297737,0.529483532929989,0.497614657524033,0.999616913735135,1,chr3:7380481-7380631,AT3G21070,THS_32933,fama_gc
0.624931734635266,0.928767345557537,1,0.472943697705074,0.47289888546528,chr3:7397317-7397653,AT3G21100,THS_32948,spch_mute
0.87395421856564,0.433256218415008,0.41860251487765,0.999800370059846,1,chr3:7432101-7432251,AT3G21180,THS_32962,fama_gc
0.87395421856564,0.433256218415008,0.41860251487765,0.999800370059846,1,chr3:7432101-7432251,AT3G21190,THS_32962,fama_gc
0.83829909012747,1,0.887564074386442,0.532741810425324,0.532429726982044,chr3:7908741-7909711,AT3G22370,THS_33249,spch_mute
0.617022566065394,0.916470290778289,1,0.41452136064963,0.414379102392873,chr3:7911222-7911695,AT3G22380,THS_33251,spch_mute
0.976494985073817,1,0.967834207274094,0.601052062565688,0.601007861071265,chr3:8144159-8144731,AT3G22961,THS_33426,spch_mute
0.494055431345842,0.738421000359226,1,0.414344405246522,0.414077374755545,chr3:8345201-8345431,AT3G23320,THS_33602,spch_mute
0.494055431345842,0.738421000359226,1,0.414344405246522,0.414077374755545,chr3:8345201-8345431,AT3G23325,THS_33602,spch_mute
0.0862697042462709,0.0862748665982499,0.0935902436480047,1,0.105064422910044,chr3:8717796-8720014,AT3G24140,THS_33854,fama_gc
0.0814304927553863,0.0814337369138717,0.0837209031427472,1,0.111664611717431,chr3:8720375-8720532,AT3G24140,THS_33855,fama_gc
0.681037078524063,0.743142430262917,1,0.430343390133248,0.430227318675491,chr3:8835832-8836088,AT3G24340,THS_33915,spch_mute
0.613419606440618,0.926823445267065,1,0.495852832141781,0.495573541789144,chr3:8902631-8903102,AT3G24480,THS_33955,spch_mute
0.969830963556519,0.972576839263713,1,0.488911239872521,0.488873459352682,chr3:9030788-9031097,AT3G24730,THS_34043,spch_mute
0.58935509087712,0.865316790605845,1,0.470249265193149,0.469229481916254,chr3:9421701-9421991,AT3G25800,THS_34304,spch_mute
0.602810123517571,1,0.901537594501977,0.470960867338209,0.469390767077778,chr3:9480621-9480851,AT3G25900,THS_34352,spch_mute
0.642753367600538,0.945463768667347,1,0.52884491064856,0.528573762407675,chr3:9718401-9718691,AT3G26511,THS_34523,spch_mute
0.642753367600538,0.945463768667347,1,0.52884491064856,0.528573762407675,chr3:9718401-9718691,AT3G26520,THS_34523,spch_mute
0.559526872687483,0.911946024074435,1,0.396566713741028,0.396462678517805,chr3:9807482-9807855,AT3G26690,THS_34585,spch_mute
0.425036162277306,1,0.883293043540724,0.420864347321187,0.420755784188017,chr3:986261-986471,AT3G03847,THS_28811,spch_mute
0.425036162277306,1,0.883293043540724,0.420864347321187,0.420755784188017,chr3:986261-986471,AT3G03850,THS_28811,spch_mute
0.634766861029898,0.450491279465991,0.336244933622734,0.999877523535259,1,chr3:9880521-9880671,AT3G26820,THS_34626,fama_gc
0.56679630640677,1,0.956172543819774,0.486984021391223,0.486866937668181,chr3:9979641-9979911,AT3G27050,THS_34681,spch_mute
0.671211247383789,1,0.990102202981121,0.529204390932308,0.529094920744379,chr4:10029803-10030320,AT4G18060,THS_44111,spch_mute
0.671211247383789,1,0.990102202981121,0.529204390932308,0.529094920744379,chr4:10029803-10030320,AT4G18070,THS_44111,spch_mute
0.657149677070791,1,0.845856924929501,0.497760203747652,0.497640693120166,chr4:10287965-10288257,AT4G18700,THS_44304,spch_mute
0.749943031584924,0.981159025881045,1,0.560098796840603,0.55984430791198,chr4:1044941-1045151,AT4G02380,THS_41165,spch_mute
0.639113921059713,1,0.876496487479742,0.483547434878456,0.483229873084985,chr4:10590521-10590751,AT4G19420,THS_44501,spch_mute
0.606448674158191,1,0.902878236544011,0.492963772675099,0.492681988213124,chr4:1103695-1104011,AT4G02500,THS_41195,spch_mute
0.606448674158191,1,0.902878236544011,0.492963772675099,0.492681988213124,chr4:1103695-1104011,AT4G02510,THS_41195,spch_mute
1,0.456532491637599,0.374620219978236,0.359504195590108,0.356576043005109,chr4:11552652-11553054,AT4G21745,THS_45043,
1,0.456532491637599,0.374620219978236,0.359504195590108,0.356576043005109,chr4:11552652-11553054,AT4G21750,THS_45043,
1,0.379442925113186,0.379399263154849,0.229709690327545,0.229697060438529,chr4:11553126-11554001,AT4G21745,THS_45044,
1,0.379442925113186,0.379399263154849,0.229709690327545,0.229697060438529,chr4:11553126-11554001,AT4G21750,THS_45044,
1,0.414637470099906,0.3370297421505,0.324091431853925,0.321821960934108,chr4:11554576-11555272,AT4G21750,THS_45046,
0.739762256567482,1,0.994124276577637,0.501433071258178,0.501215565165803,chr4:11604306-11605005,AT4G21870,THS_45084,spch_mute
0.739762256567482,1,0.994124276577637,0.501433071258178,0.501215565165803,chr4:11604306-11605005,AT4G21880,THS_45084,spch_mute
0.710954346382726,0.901357224109366,1,0.498507151953862,0.498336076514094,chr4:11971141-11971631,AT4G22780,THS_45386,spch_mute
0.757969828635323,0.982997138967797,1,0.523503856128877,0.516100439313422,chr4:12006781-12007111,AT4G22880,THS_45425,spch_mute
0.757969828635323,0.982997138967797,1,0.523503856128877,0.516100439313422,chr4:12006781-12007111,AT4G22890,THS_45425,spch_mute
0.824861521667779,0.407591219078967,0.328652730428834,0.999756183847403,1,chr4:12301501-12301651,AT4G23570,THS_45604,fama_gc
0.703426978350654,0.477251509298847,0.45227492908825,0.999938166387295,1,chr4:12402681-12402831,AT4G23820,THS_45685,fama_gc
0.703426978350654,0.477251509298847,0.45227492908825,0.999938166387295,1,chr4:12402681-12402831,AT4G23840,THS_45685,fama_gc
0.799020881528263,0.461118163470287,0.374299166938561,0.99984138035674,1,chr4:1296807-1296984,AT4G02930,THS_41293,fama_gc
0.664609585151858,0.958693058253026,1,0.520266030555159,0.520030322680614,chr4:13069473-13070171,AT4G25620,THS_46136,spch_mute
0.682196636664928,0.538279356773008,0.427473457539485,0.93718726153526,1,chr4:13343861-13344177,AT4G26390,THS_46336,fama_gc
0.682196636664928,0.538279356773008,0.427473457539485,0.93718726153526,1,chr4:13343861-13344177,AT4G26410,THS_46336,fama_gc
0.48792742758113,0.920291645222116,1,0.534185402438782,0.534098130660863,chr4:133439-133691,AT4G00310,THS_40586,spch_mute
0.630918120360659,1,0.913844676952941,0.504776042951645,0.504714738621266,chr4:13674361-13675218,AT4G27310,THS_46532,spch_mute
0.416859860541056,0.761729484316067,1,0.40044911032263,0.309130499786566,chr4:145321-145511,AT4G00330,THS_40589,spch_mute
0.501662004763444,1,0.83860249898743,0.422224357938589,0.422124556058533,chr4:15490421-15490651,AT4G32030,THS_47827,spch_mute
0.832887263977534,0.38678269784317,0.420270774978469,0.999440255696848,1,chr4:15736976-15737200,AT4G32620,THS_47981,fama_gc
0.832887263977534,0.38678269784317,0.420270774978469,0.999440255696848,1,chr4:15736976-15737200,AT4G32630,THS_47981,fama_gc
0.663210116479872,0.404180663895953,0.285808358392175,0.999948913353755,1,chr4:16230597-16230747,AT4G33860,THS_48237,fama_gc
0.574170886702544,0.57387444974231,0.409704298173127,0.999725869300619,1,chr4:16413036-16413388,AT4G34300,THS_48375,fama_gc
0.574170886702544,0.57387444974231,0.409704298173127,0.999725869300619,1,chr4:16413036-16413388,AT4G34310,THS_48375,fama_gc
0.499582128471305,1,0.864445378493777,0.491148914115155,0.491128120102441,chr4:16576571-16577033,AT4G34740,THS_48490,spch_mute
0.499582128471305,1,0.864445378493777,0.491148914115155,0.491128120102441,chr4:16576571-16577033,AT4G34750,THS_48490,spch_mute
0.671980573674243,0.953574206031669,1,0.657493564435694,0.657117128702885,chr4:16772935-16773688,AT4G35250,THS_48672,fama_gc
0.626471087995812,1,0.935022121347167,0.525066150401029,0.525016723422999,chr4:17018420-17018917,AT4G35930,THS_48829,spch_mute
0.461411812974335,0.305123981152938,0.389539511481681,0.846556648679662,1,chr4:17623701-17623851,AT4G37490,THS_49374,fama_gc
0.450731056210756,0.951480203116312,1,0.551083060000292,0.529784988533655,chr4:17770164-17770451,AT4G37790,THS_49531,spch_mute
0.544185027695097,0.431408969379506,0.497466534905109,0.985696910219941,1,chr4:17859401-17859551,AT4G38000,THS_49607,fama_gc
0.544185027695097,0.431408969379506,0.497466534905109,0.985696910219941,1,chr4:17859401-17859551,AT4G38010,THS_49607,fama_gc
0.531200608636863,0.303490026805793,0.52405386650575,0.999851695461395,1,chr4:1796716-1796866,AT4G03830,THS_41466,fama_gc
0.608291275945436,0.436097577190151,0.475846479487992,0.998904462866924,1,chr4:18002961-18003171,AT4G38470,THS_49673,fama_gc
0.608291275945436,0.436097577190151,0.475846479487992,0.998904462866924,1,chr4:18002961-18003171,AT4G38480,THS_49673,fama_gc
0.525090611674584,0.877349296569378,1,0.452250642642203,0.413897420625668,chr4:18073221-18073529,AT4G38680,THS_49729,spch_mute
0.505203850185459,0.96856754846981,1,0.574874664178923,0.459437080941926,chr4:18160521-18160791,AT4G38960,THS_49792,spch_mute
0.828318964058341,0.511814405283241,0.473206224392181,0.999284043683741,1,chr4:18371999-18372199,AT4G39510,THS_49941,fama_gc
0.828318964058341,0.511814405283241,0.473206224392181,0.999284043683741,1,chr4:18371999-18372199,AT4G39520,THS_49941,fama_gc
0.623344258094611,0.379993429546346,0.386066256834216,0.999510368642425,1,chr4:18388021-18388171,AT4G39580,THS_49955,fama_gc
0.623344258094611,0.379993429546346,0.386066256834216,0.999510368642425,1,chr4:18388021-18388171,AT4G39590,THS_49955,fama_gc
0.443535901766414,0.72171936825023,1,0.399962997387761,0.3998796676129,chr4:463761-463991,AT4G01070,THS_40763,spch_mute
1,0.795093963452249,0.604313462222429,0.519358288052586,0.580679314445747,chr4:5156475-5157071,AT4G08151,THS_41474,spch_mute
1,0.795093963452249,0.604313462222429,0.519358288052586,0.580679314445747,chr4:5156475-5157071,AT4G08160,THS_41474,spch_mute
0.512914698632773,0.914646533759982,1,0.379301610388243,0.378581387997519,chr4:5169321-5169558,AT4G08180,THS_41478,spch_mute
0.534454399518747,0.965453743162176,1,0.540478686506718,0.540378539474072,chr4:5252050-5252402,AT4G08310,THS_41495,spch_mute
0.534454399518747,0.965453743162176,1,0.540478686506718,0.540378539474072,chr4:5252050-5252402,AT4G08320,THS_41495,spch_mute
0.263605630486116,1,0.864995874484514,0.610719066109405,0.570125237581374,chr4:5360885-5361101,AT4G08450,THS_41525,spch_mute
0.976429624923305,0.404937137681991,0.608446669272828,0.999850541700616,1,chr4:5363196-5363381,AT4G08450,THS_41526,fama_gc
0.590836830219046,0.354050389702051,0.389743590212028,0.999754118508355,1,chr4:5399765-5399968,AT4G08485,THS_41538,fama_gc
0.590836830219046,0.354050389702051,0.389743590212028,0.999754118508355,1,chr4:5399765-5399968,AT4G08500,THS_41538,fama_gc
0.640206815082019,0.28227350165193,0.414310919698912,0.999409590713432,1,chr4:5476327-5476513,AT4G08593,THS_41571,fama_gc
0.707173106471594,0.388909587153915,0.399124496440808,0.999942123666099,1,chr4:5582038-5582207,AT4G08730,THS_41593,fama_gc
0.707173106471594,0.388909587153915,0.399124496440808,0.999942123666099,1,chr4:5582038-5582207,AT4G08740,THS_41593,fama_gc
0.680484269490361,0.384981927769515,0.381208054088937,0.999814841657677,1,chr4:5584677-5584958,AT4G08730,THS_41594,fama_gc
0.680484269490361,0.384981927769515,0.381208054088937,0.999814841657677,1,chr4:5584677-5584958,AT4G08760,THS_41594,fama_gc
0.826530816099729,0.43705065251743,0.493458270733739,0.999731112536458,1,chr4:5615037-5615331,AT4G08800,THS_41603,fama_gc
0.522195782247776,0.522086147113665,0.404981508164892,0.658300768867635,1,chr4:5639301-5639451,AT4G08850,THS_41614,fama_gc
0.717154018819234,0.399072115698298,0.488582211672942,0.999921255018192,1,chr4:5644707-5644877,AT4G08850,THS_41624,fama_gc
0.717154018819234,0.399072115698298,0.488582211672942,0.999921255018192,1,chr4:5644707-5644877,AT4G08870,THS_41624,fama_gc
0.545794872914925,0.459903716234234,0.367918730466835,0.999808561955314,1,chr4:5696297-5696568,AT4G08895,THS_41636,fama_gc
0.826233495690298,0.936324943525386,1,0.469428259527972,0.469406696207008,chr4:6023771-6024424,AT4G09510,THS_41780,spch_mute
0.778278271512982,0.979782163053651,1,0.518575103798219,0.518342191826147,chr4:6099960-6100872,AT4G09650,THS_41814,spch_mute
0.778278271512982,0.979782163053651,1,0.518575103798219,0.518342191826147,chr4:6099960-6100872,AT4G09649,THS_41814,spch_mute
0.760138480374177,0.348728218188545,0.440324392796491,0.998732227617494,1,chr4:6202367-6202558,AT4G09870,THS_41855,fama_gc
0.678044732787397,0.626646920325761,0.399455782579899,0.99991094431167,1,chr4:6285916-6286120,AT4G10050,THS_41892,fama_gc
0.529385920613362,0.861633476572777,1,0.420519739055942,0.393375900069365,chr4:672756-672971,AT4G01540,THS_40905,spch_mute
0.617612851103545,1,0.933286480095393,0.518099204889373,0.517863798602106,chr4:6796201-6796651,AT4G11140,THS_42153,spch_mute
1,0.999998990048769,0.998690295316727,0.448609977672976,0.568986442084703,chr4:7163362-7163785,AT4G11920,THS_42360,spch_mute
0.659536910638019,0.955961068242602,1,0.407016862084922,0.406961289010333,chr4:7195101-7195443,AT4G12000,THS_42376,spch_mute
0.530833206358891,0.793656869483026,1,0.405708682229175,0.405168821551306,chr4:7349601-7349871,AT4G12420,THS_42500,spch_mute
0.548751581889143,1,0.941931989594912,0.682303707100399,0.681883282434446,chr4:7424241-7425091,AT4G12520,THS_42558,fama_gc
0.826944042040705,0.571064882086359,0.381120371566112,0.999882708463166,1,chr4:7476190-7476378,AT4G12680,THS_42593,fama_gc
0.701459276763863,0.464583165391675,0.41190164415515,0.999922582171478,1,chr4:7753877-7754028,AT4G13320,THS_42736,fama_gc
0.685127859488195,1,0.955551390845692,0.532340301204465,0.532273166901289,chr4:7861824-7862291,AT4G13510,THS_42812,spch_mute
0.685127859488195,1,0.955551390845692,0.532340301204465,0.532273166901289,chr4:7861824-7862291,AT4G13520,THS_42812,spch_mute
0.637972275878656,0.917672259812543,1,0.433882849867858,0.381944930954491,chr4:8230321-8230491,AT4G14290,THS_43002,spch_mute
0.637972275878656,0.917672259812543,1,0.433882849867858,0.381944930954491,chr4:8230321-8230491,AT4G14300,THS_43002,spch_mute
0.71724191512811,0.989605576827279,1,0.438397860192914,0.437665228848452,chr4:8243851-8244096,AT4G14320,THS_43007,spch_mute
0.71724191512811,0.989605576827279,1,0.438397860192914,0.437665228848452,chr4:8243851-8244096,AT4G14330,THS_43007,spch_mute
1,0.99950557844624,0.961108763755271,0.609985883136701,0.669751851153147,chr4:8637237-8637671,AT4G15130,THS_43253,spch_mute
0.563091490226024,1,0.928672963480577,0.411590618979638,0.411408177165632,chr4:8984581-8984831,AT4G15800,THS_43442,spch_mute
0.779300928206875,1,0.933008893593619,0.512971135374153,0.512936779945333,chr4:9030761-9031522,AT4G15920,THS_43462,spch_mute
0.711327150025592,0.488521496699897,0.332419608587621,0.996295583621356,1,chr4:9220830-9221002,AT4G16310,THS_43557,fama_gc
0.812757584795913,0.473083482734741,0.555152958889152,0.999702368211944,1,chr4:9334276-9334631,AT4G16566,THS_43638,fama_gc
0.812757584795913,0.473083482734741,0.555152958889152,0.999702368211944,1,chr4:9334276-9334631,AT4G16570,THS_43638,fama_gc
0.550607072461888,0.924185739446044,1,0.492315196528636,0.490834527539007,chr4:9738048-9738391,AT4G17453,THS_43884,spch_mute
0.539568012449255,0.335310760208841,0.497733986232022,0.999888320807919,1,chr4:9958133-9958283,AT4G17910,THS_44058,fama_gc
0.385985061188806,1,0.996752915863921,0.624292675827188,0.621589972366177,chr4:9969001-9969291,AT4G17950,THS_44063,spch_mute
0.871183527806019,0.321701902353787,0.432365672107717,0.999873346163064,1,chr5:10125963-10126142,AT5G28150,THS_56487,fama_gc
0.541151094589479,0.437729902390792,0.389515632087045,0.999530393018318,1,chr5:10153940-10154108,AT5G28180,THS_56497,fama_gc
0.842488437088744,0.915796653893913,1,0.496823699965437,0.496765247826119,chr5:10295710-10295970,AT5G28300,THS_56535,spch_mute
0.612511171124547,0.484271396880885,0.373275903114343,0.996943919052462,1,chr5:10734057-10734253,AT5G28690,THS_56630,fama_gc
0.496414391641458,0.3080719558369,0.351351398063519,0.999778449531876,1,chr5:1083931-1084081,AT5G04010,THS_50966,fama_gc
0.496414391641458,0.3080719558369,0.351351398063519,0.999778449531876,1,chr5:1083931-1084081,AT5G04020,THS_50966,fama_gc
0.833630069122476,0.504934319388823,0.391115382384486,0.972953516100658,1,chr5:1153441-1153731,AT5G04200,THS_51005,fama_gc
0.615000664236148,0.389810104605275,0.383768124142967,0.999936595439919,1,chr5:13491266-13491555,AT5G35230,THS_56698,fama_gc
0.745599853889276,0.534462854027533,0.459935842144317,0.999881742508529,1,chr5:13742825-13743076,AT5G35560,THS_56748,fama_gc
0.665327156553233,1,0.99787365136336,0.473356178766772,0.473292494770037,chr5:13826306-13826571,AT5G35620,THS_56766,spch_mute
0.670167069314589,0.508120035263891,0.453169516150506,0.999832579128502,1,chr5:14014587-14014933,AT5G35840,THS_56839,fama_gc
0.670167069314589,0.508120035263891,0.453169516150506,0.999832579128502,1,chr5:14014587-14014933,AT5G35870,THS_56839,fama_gc
0.592535975963874,0.320792326442627,0.405332133753332,0.991255242256573,1,chr5:14099137-14099294,AT5G35945,THS_56869,fama_gc
0.592535975963874,0.320792326442627,0.405332133753332,0.991255242256573,1,chr5:14099137-14099294,AT5G35950,THS_56869,fama_gc
0.456393902752786,0.410859465603651,0.43973604607685,0.999793640722805,1,chr5:14105918-14106115,AT5G35950,THS_56870,fama_gc
0.910527955613738,0.568372156416669,0.378346993298054,0.999951608207196,1,chr5:14303601-14303831,AT5G36290,THS_56936,fama_gc
1,0.99999883660903,0.998556035427431,0.442564828849588,0.580156073568613,chr5:14622973-14623366,AT5G37010,THS_56982,spch_mute
0.611094998338695,0.875688121661069,1,0.419982690795489,0.419931286871506,chr5:14623501-14623691,AT5G37010,THS_56983,spch_mute
1,0.999926576018879,0.95859432358841,0.493172024394427,0.549792501735746,chr5:14938751-14939040,AT5G37610,THS_57099,spch_mute
0.744195920588229,1,0.987806363906836,0.57233514888151,0.571946327364448,chr5:1535679-1536238,AT5G05170,THS_51246,spch_mute
0.744195920588229,1,0.987806363906836,0.57233514888151,0.571946327364448,chr5:1535679-1536238,AT5G05180,THS_51246,spch_mute
0.718655707893055,1,0.984400763137539,0.510359325332697,0.51028319669926,chr5:15499836-15500155,AT5G38710,THS_57368,spch_mute
0.803307984584213,0.894059835323625,1,0.454891072262027,0.454425912909571,chr5:15954529-15954808,AT5G39860,THS_57625,spch_mute
0.591780522974301,0.739780722751916,1,0.411537194219812,0.411426921220216,chr5:16150815-16151136,AT5G40380,THS_57725,spch_mute
0.634626793470741,0.934815086139161,1,0.402231181198018,0.402192300475513,chr5:16240861-16241071,AT5G40550,THS_57782,spch_mute
0.996469754715654,0.464552508830835,0.501431481258826,0.999748139738337,1,chr5:16564794-16564955,AT5G41390,THS_58003,fama_gc
0.548337021066987,1,0.967385641057794,0.439149272003824,0.387632121610117,chr5:16571001-16571231,AT5G41400,THS_58010,spch_mute
0.548337021066987,1,0.967385641057794,0.439149272003824,0.387632121610117,chr5:16571001-16571231,AT5G41401,THS_58010,spch_mute
0.820355802848917,0.862771343431708,1,0.473458082071081,0.473353620106011,chr5:17026601-17026974,AT5G42580,THS_58318,spch_mute
0.607983015378375,0.51472854385223,0.47103673089116,0.982830338898906,1,chr5:17052881-17053116,AT5G42600,THS_58353,fama_gc
0.688798142691256,0.822536625605564,1,0.386400730689854,0.386061957992907,chr5:17242421-17242631,AT5G42980,THS_58471,spch_mute
0.684792113253527,0.850884123876391,1,0.427706528525341,0.427448057546038,chr5:17629561-17629759,AT5G43850,THS_58688,spch_mute
0.684792113253527,0.850884123876391,1,0.427706528525341,0.427448057546038,chr5:17629561-17629759,AT5G43860,THS_58688,spch_mute
0.70791259722573,0.919000076862453,1,0.522520958549327,0.522356919898767,chr5:17721599-17722471,AT5G44040,THS_58764,spch_mute
0.70791259722573,0.919000076862453,1,0.522520958549327,0.522356919898767,chr5:17721599-17722471,AT5G44050,THS_58764,spch_mute
0.735788113840134,0.368123471057973,0.437629838205561,0.999622132930645,1,chr5:18059533-18059720,AT5G44750,THS_59020,fama_gc
0.735788113840134,0.368123471057973,0.437629838205561,0.999622132930645,1,chr5:18059533-18059720,AT5G44760,THS_59020,fama_gc
0.585003618131558,0.866827040372204,1,0.429551147410297,0.429464002612536,chr5:18093983-18094230,AT5G44800,THS_59037,spch_mute
0.585003618131558,0.866827040372204,1,0.429551147410297,0.429464002612536,chr5:18093983-18094230,AT5G44820,THS_59037,spch_mute
0.951067437080057,1,0.913949098446706,0.547070532658352,0.546958628819451,chr5:18343950-18344383,AT5G45280,THS_59152,spch_mute
0.800993400645372,1,0.952187113975123,0.473525139926801,0.473420137070943,chr5:18378568-18379083,AT5G45350,THS_59182,spch_mute
0.62773843293835,0.961536205937154,1,0.431872375571581,0.431684790505988,chr5:18416001-18416211,AT5G45450,THS_59208,spch_mute
0.725837075539539,0.874557273261414,1,0.446473391717002,0.446445737447657,chr5:18429711-18430296,AT5G45480,THS_59215,spch_mute
0.725837075539539,0.874557273261414,1,0.446473391717002,0.446445737447657,chr5:18429711-18430296,AT5G45490,THS_59215,spch_mute
0.892025381142238,0.53808547256193,0.314381143775339,0.893193450164154,1,chr5:1848695-1848857,AT5G06120,THS_51441,fama_gc
0.70960815440591,0.966073683153005,1,0.504985710953591,0.504951404799557,chr5:18824803-18825229,AT5G46400,THS_59476,spch_mute
0.70960815440591,0.966073683153005,1,0.504985710953591,0.504951404799557,chr5:18824803-18825229,AT5G46410,THS_59476,spch_mute
0.591786107729168,0.388007414917209,0.452029190565407,0.999847011652104,1,chr5:18857594-18857773,AT5G46500,THS_59491,fama_gc
0.665303468759477,0.900437159717636,1,0.493042895110238,0.492672398949887,chr5:18944168-18944431,AT5G46690,THS_59539,spch_mute
0.739354419925874,0.840769889297735,1,0.47905160335542,0.478917730288754,chr5:19398476-19399011,AT5G47910,THS_59892,spch_mute
1,0.999995634701075,0.885579614525739,0.457328616861113,0.457267454740877,chr5:19412501-19412691,AT5G47940,THS_59908,spch_mute
0.7949005794273,1,0.962795988288039,0.475087895682641,0.473370702360838,chr5:20200282-20200777,AT5G49720,THS_60456,spch_mute
0.674872932255897,0.542650738555622,0.414617002634398,0.899849144983489,1,chr5:20397827-20398002,AT5G50136,THS_60560,fama_gc
0.674872932255897,0.542650738555622,0.414617002634398,0.899849144983489,1,chr5:20397827-20398002,AT5G50140,THS_60560,fama_gc
0.793504023275199,0.561080518895587,0.429998514136942,0.978000946503202,1,chr5:20485544-20485731,AT5G50320,THS_60611,fama_gc
0.793504023275199,0.561080518895587,0.429998514136942,0.978000946503202,1,chr5:20485544-20485731,AT5G50330,THS_60611,fama_gc
0.726046241168364,1,0.963350882064001,0.582627762045836,0.582561471254744,chr5:20899419-20899811,AT5G51451,THS_60815,spch_mute
0.750333872514471,0.286588716875128,0.448579498635772,0.999943278132958,1,chr5:20909861-20910091,AT5G51480,THS_60821,fama_gc
0.641187587856563,0.990968773261765,1,0.489636044924132,0.489333906871868,chr5:20940781-20941051,AT5G51550,THS_60841,spch_mute
0.786670643408528,0.996918593349205,1,0.476823276113801,0.476394538218803,chr5:21304521-21304991,AT5G52500,THS_61072,spch_mute
0.786670643408528,0.996918593349205,1,0.476823276113801,0.476394538218803,chr5:21304521-21304991,AT5G52510,THS_61072,spch_mute
0.685127756422336,0.991352679079816,1,0.50096837625659,0.500889269282938,chr5:21412755-21413311,AT5G52840,THS_61145,spch_mute
0.0563047580362738,1,0.0955084027914202,0.0636186649256429,0.0634068152592937,chr5:21588946-21590658,AT5G53210,THS_61260,spch_mute
0.0761491659407259,1,0.0904900426673784,0.0815252069293603,0.081514871862625,chr5:21590708-21591786,AT5G53210,THS_61261,spch_mute
0.776288890434842,0.855701835269507,1,0.425417226478697,0.425386903124109,chr5:21767021-21767211,AT5G53580,THS_61402,spch_mute
0.714514509998345,0.430788640204735,0.431174257914041,0.999747934758213,1,chr5:21783873-21784056,AT5G53620,THS_61415,fama_gc
0.599761565556974,0.300049769697979,0.392168103516979,0.999895538806091,1,chr5:22000561-22000711,AT5G54200,THS_61575,fama_gc
0.536727704523162,0.871881748446592,1,0.509707707270445,0.50954667867761,chr5:22492761-22492971,AT5G55530,THS_61937,spch_mute
0.630077089198583,0.936108917231723,1,0.497889488291815,0.497822252350299,chr5:22505261-22505664,AT5G55550,THS_61944,spch_mute
0.630077089198583,0.936108917231723,1,0.497889488291815,0.497822252350299,chr5:22505261-22505664,AT5G55560,THS_61944,spch_mute
0.483027911181419,0.382607053989414,0.34095987811165,0.921130638486131,1,chr5:22763481-22763651,AT5G56240,THS_62111,fama_gc
0.593637223835419,0.46599692944311,0.557884217193029,0.863276459583151,1,chr5:2289161-2289363,AT5G07280,THS_51756,fama_gc
0.593637223835419,0.46599692944311,0.557884217193029,0.863276459583151,1,chr5:2289161-2289363,AT5G07290,THS_51756,fama_gc
0.734251523789242,0.925245678971421,1,0.504474229741117,0.472643315505355,chr5:23692341-23692751,AT5G58620,THS_62815,spch_mute
0.721793229369357,0.419083125690482,0.388734994898067,0.999629516707687,1,chr5:23756760-23756910,AT5G58830,THS_62855,fama_gc
0.701235126665206,0.93251785932515,1,0.477836387901659,0.455554405032953,chr5:2398409-2398611,AT5G07580,THS_51825,spch_mute
0.711694629511627,1,0.993391545149899,0.589239452174943,0.589228970107991,chr5:24204981-24205751,AT5G60110,THS_63181,spch_mute
0.711694629511627,1,0.993391545149899,0.589239452174943,0.589228970107991,chr5:24204981-24205751,AT5G60120,THS_63181,spch_mute
0.574824115683789,0.969668603762593,1,0.443967086671988,0.443101446881162,chr5:24316401-24316611,AT5G60460,THS_63251,spch_mute
0.578075769819437,0.92515724064161,1,0.453496758273544,0.453350255509786,chr5:24514361-24514571,AT5G60920,THS_63426,spch_mute
0.600599670296794,0.310098237190863,0.384176071561458,0.998683090249331,1,chr5:25110521-25110671,AT5G62560,THS_63833,fama_gc
0.599294462847972,1,0.91547948651656,0.531317620208225,0.516630811537254,chr5:25423059-25423508,AT5G63500,THS_64066,spch_mute
0.599294462847972,1,0.91547948651656,0.531317620208225,0.516630811537254,chr5:25423059-25423508,AT5G63510,THS_64066,spch_mute
0.697047961851021,0.428326038818555,0.412516724066453,0.999813332369654,1,chr5:25519709-25519975,AT5G63770,THS_64129,fama_gc
0.670357978917715,0.533358420395426,0.453307775919894,0.999488639813715,1,chr5:25731689-25731869,AT5G64340,THS_64275,fama_gc
0.515859594315812,1,0.967308052921626,0.653516579834317,0.611188373016044,chr5:25738514-25739251,AT5G64360,THS_64282,fama_gc
0.515859594315812,1,0.967308052921626,0.653516579834317,0.611188373016044,chr5:25738514-25739251,AT5G64370,THS_64282,fama_gc
0.849174942275588,0.665987391378321,0.431777316533929,0.999931306887662,1,chr5:25972154-25972431,AT5G65010,THS_64461,fama_gc
0.849174942275588,0.665987391378321,0.431777316533929,0.999931306887662,1,chr5:25972154-25972431,AT5G65020,THS_64461,fama_gc
0.630737073449925,0.614147931161446,0.367680126043917,0.999961388147111,1,chr5:26026201-26026351,AT5G65158,THS_64503,fama_gc
0.477587051395043,1,0.850881100387048,0.505373729674613,0.505176788770482,chr5:26082974-26083349,AT5G65260,THS_64562,spch_mute
0.477587051395043,1,0.850881100387048,0.505373729674613,0.505176788770482,chr5:26082974-26083349,AT5G65270,THS_64562,spch_mute
0.659394551114838,1,0.873054330776812,0.509978018890807,0.509562662881011,chr5:26104583-26104831,AT5G65310,THS_64584,spch_mute
0.540810697583053,1,0.821584187290439,0.55201529965701,0.551940037780387,chr5:26228434-26229291,AT5G65630,THS_64676,spch_mute
0.511863440188052,1,0.898708850790095,0.503621213259484,0.503318338115537,chr5:26252961-26253111,AT5G65670,THS_64713,spch_mute
0.565331958791487,0.438645869585746,0.481279235729868,0.982822804053874,1,chr5:26424381-26424531,AT5G66080,THS_64845,fama_gc
0.565331958791487,0.438645869585746,0.481279235729868,0.982822804053874,1,chr5:26424381-26424531,AT5G66090,THS_64845,fama_gc
0.510732131949109,1,0.820005547541856,0.566735041479798,0.566591849398526,chr5:26605841-26606169,AT5G66650,THS_64990,spch_mute
0.456435328669123,0.43956501277423,0.338951275650546,0.804611468847707,1,chr5:26616041-26616191,AT5G66675,THS_65000,fama_gc
0.416042720043142,0.73323818590993,1,0.640327613981229,0.609116075853991,chr5:26770821-26771151,AT5G67080,THS_65142,spch_mute
0.546083905778982,0.504824925014549,0.340250976987894,0.900655688494084,1,chr5:26815221-26815371,AT5G67200,THS_65184,fama_gc
0.680035845852918,0.591049372188897,0.470230947442333,0.999625703873106,1,chr5:26922081-26922339,AT5G67460,THS_65297,fama_gc
0.609784468941615,0.60974140745882,0.411908455693686,0.999851112230362,1,chr5:3685582-3685762,AT5G11520,THS_52591,fama_gc
0.616424314414885,0.780189194897519,1,0.458876835631468,0.458638345773345,chr5:5138201-5138587,AT5G15740,THS_53538,spch_mute
0.680468399683643,0.968289252417835,1,0.470749156297427,0.47064624789988,chr5:5535184-5535638,AT5G16830,THS_53796,spch_mute
0.680468399683643,0.968289252417835,1,0.470749156297427,0.47064624789988,chr5:5535184-5535638,AT5G16840,THS_53796,spch_mute
1,0.999997828649673,0.997887302224654,0.523743458980317,0.611525925088928,chr5:5665373-5665896,AT5G17240,THS_53855,spch_mute
0.673112607998421,0.987431125146297,1,0.583579462227838,0.530548846094378,chr5:5694341-5695033,AT5G17300,THS_53871,spch_mute
0.350485216381001,0.350485243081841,0.350639232475798,1,0.606741984723438,chr5:6317141-6317291,AT5G18930,THS_54266,fama_gc
0.535335303257188,1,0.820282758778051,0.512422881731399,0.511912475393099,chr5:6357061-6357311,AT5G19025,THS_54292,spch_mute
0.585269078231222,0.480625859851352,0.390566744089313,0.999095366722579,1,chr5:6872007-6872157,AT5G20330,THS_54625,fama_gc
0.694759933363614,0.347276381846698,0.456441272593849,0.99987247868401,1,chr5:7065158-7065308,AT5G20840,THS_54733,fama_gc
0.83636112649426,0.483366988305556,0.435035646680491,0.999941531749062,1,chr5:7550615-7550824,AT5G22720,THS_55034,fama_gc
0.79227333922735,0.907153712217197,1,0.52793361012269,0.5278882608513,chr5:7667386-7667827,AT5G22920,THS_55086,spch_mute
0.79227333922735,0.907153712217197,1,0.52793361012269,0.5278882608513,chr5:7667386-7667827,AT5G22930,THS_55086,spch_mute
0.537903291001371,0.959937731230499,1,0.533560169618068,0.533506011195436,chr5:8038721-8039040,AT5G23850,THS_55330,spch_mute
0.515708428073515,0.885299816712244,1,0.401988794545369,0.400809638940512,chr5:8042401-8042591,AT5G23860,THS_55334,spch_mute
0.536907675719492,1,0.922322812255394,0.463058689155879,0.46298097891961,chr5:8775961-8776111,AT5G25280,THS_55824,spch_mute
0.536907675719492,1,0.922322812255394,0.463058689155879,0.46298097891961,chr5:8775961-8776111,AT5G25290,THS_55824,spch_mute
0.735525122606702,0.461619865172092,0.404791769060857,0.999670590522508,1,chr5:8928071-8928282,AT5G25620,THS_55903,fama_gc
0.64376250959954,1,0.850426078391742,0.461466265477942,0.461378268947704,chr5:9018933-9019207,AT5G25860,THS_55977,spch_mute
0.64376250959954,1,0.850426078391742,0.461466265477942,0.461378268947704,chr5:9018933-9019207,AT5G25870,THS_55977,spch_mute
0.639802613409013,0.936280872518983,1,0.440881556256626,0.440793050014305,chr5:9046403-9046738,AT5G25920,THS_55996,spch_mute
0.826435576417144,0.44624691744221,0.467786691747693,0.840832990971291,1,chr5:9838118-9838353,AT5G27780,THS_56390,fama_gc
